id	Plot	Nursery
0	6411 midden	Plants of Coastal British Columbia
1	6411 North side	Bullocks
2	6411 North side	CRD
3	Lot 47	Natural Resource Native Plant Nursery
4	Lot 47	Plants of Coastal British Columbia
5	Lot 47	saanichnativeplants
6	seeds for 2020	Bullocks
7	seeds for 2020	CRD
8	seeds for 2020	Diane Pierce
9	seeds for 2020	Dino's
10	seeds for 2020	Dinters
11	seeds for 2020	DownToEarth
12	seeds for 2020	Ecosense
13	seeds for 2020	Everything Edible
14	seeds for 2020	Food plants of BC
15	seeds for 2020	Fruit Trees and More
16	seeds for 2020	Full Circle Seeds
17	seeds for 2020	Geoff Johnson
18	seeds for 2020	HCP PlantID
19	seeds for 2020	LeCoteau
20	seeds for 2020	Lochside
21	seeds for 2020	Natural Resource Native Plant Nursery
22	seeds for 2020	Oliver Kellhammer
23	seeds for 2020	Plants of Coastal British Columbia
24	seeds for 2020	Purposeful Plants
25	seeds for 2020	Richters
26	seeds for 2020	Russellnursery
27	seeds for 2020	Sooke
28	seeds for 2020	Sooke harbour house
29	seeds for 2020	Springridge Commons
30	seeds for 2020	Tree Eater Nursery
31	seeds for 2020	USDA Palable to Human in BC'.B1
32	seeds for 2020	Victoria bamboo
33	seeds for 2020	West Coast Seeds
34	seeds for 2020	everything edible
35	seeds for 2020	full Circle Seeds
36	seeds for 2020	full circle seeds
37	seeds for 2020	saanichnativeplants
38	seeds for 2020	Diane Pierce
39	6411 North side	CRD
40	6411 North side	Dino's
41	6411 North side	Dinters
42	6411 North side	DownToEarth
43	6411 North side	East Saanich on peninsula by the water
44	6411 North side	Ecosense
45	6411 North side	Everything Edible
46	6411 North side	Food plants of BC
47	6411 North side	Fruit Trees and More
48	6411 North side	Full Circle Seeds
49	6411 North side	Geoff Johnson
50	6411 North side	HCP PlantID
51	6411 North side	LeCoteau
52	6411 North side	Lochside
53	6411 North side	Natural Resource Native Plant Nursery
54	6411 North side	Oliver Kellhammer
55	6411 North side	Plants of Coastal British Columbia
56	6411 North side	Purposeful Plants
57	6411 North side	Richters
58	6411 North side	Russellnursery
59	6411 North side	Sooke
60	6411 North side	Sooke harbour house
61	6411 North side	Springridge Commons
62	6411 North side	Tree Eater Nursery
63	6411 North side	USDA Palable to Human in BC'.B1
64	6411 North side	Victoria bamboo
65	6411 North side	West Coast Seeds
66	6411 North side	everything edible
67	6411 North side	full Circle Seeds
68	6411 North side	saanichnativeplants
70	6411 Sooke Entry way	Everything Edible
71	6411 Sooke Entry way	Ecosense
72	6411 Sooke Entry way	DownToEarth
73	6411 Sooke Entry way	Plants of Coastal British Columbia
74	6411 Sooke Entry way	CRD
75	6411 Sooke Entry way	Tree Eater Nursery
76	6411 Sooke Entry way	Lochside
77	Kevin Beatty	Everything Edible
78	Kevin Beatty	Plants of Coastal British Columbia
79	Kevin Beatty	SVIMS
80	Khaled	DownToEarth
81	Khaled	Ecosense
82	Khaled	Dinters
83	Khaled	saanichnativeplants
84	Khaled	Lochside
85	Khaled	Islandview Nursery
86	6411 Sooke	everything edible
87	6411 Sooke	saanichnativeplants
88	6411 Sooke	full circle seeds
89	6411 Sooke	Plants of Coastal British Columbia
90	6411 Sooke	Tree Eater Nursery
91	6411 Sooke	DownToEarth
92	6411 Sooke	Ecosense
93	6411 Sooke	Fruit Trees and More
94	6411 Sooke	Islandview Nursery
95	6411 Sooke	Everything Edible
96	Anne Fredette	Sooke
97	Anne Fredette	Dino's
98	Anne Fredette	Dinters
99	Ken Unger	Dino's
100	Ken Unger	Fruit Trees and More
101	Ken Unger	Geoff Johnson
102	Jonathan Francoeur	everything edible
103	Tree	Plants of Coastal British Columbia
105	native plants	saanichnativeplants
106	native plants	Natural Resource Native Plant Nursery
107	Hospital	Ecosense
108	Hilltop Rd. 124	Everything Edible
109	Hilltop Rd. 124	Fruit Trees and More
110	Hilltop Rd. 124	Full Circle Seeds
111	Hilltop Rd. 124	Islandview Nursery
112	Hilltop Rd. 124	West Coast Seeds
113	Hilltop Rd. 124	full Circle Seeds
114	Hilltop Rd. 124	saanichnativeplants
115	Kat	Everything Edible
116	Kat	everything edible
117	786 Saunders lane	saanichnativeplants
118	786 Saunders lane	DownToEarth
119	786 Saunders lane	Islandview Nursery
120	786 Saunders lane	Tree Eater Nursery
121	786 Saunders lane	Everything Edible
122	786 Saunders lane	everything edible
123	Khaled	saanichnativeplants
124	Khaled	Everything Edible
125	Khaled	Tree Eater Nursery
126	Saanich native plants nursery	saanichnativeplants
127	Throup Stream	Garry Fletcher
128	Throup Stream	Food plants of BC
129	Throup Stream	Butterfly plants for Saanich
130	Throup Stream	Natural Resource Native Plant Nursery
131	Throup Stream	Plants of Coastal British Columbia
132	Knowsworthy	Dinters
133	Knowsworthy	DownToEarth
134	Knowsworthy	Ecosense
135	Knowsworthy	Everything Edible
136	Knowsworthy	Food plants of BC
137	Knowsworthy	Fruit Trees and More
138	Knowsworthy	Full Circle Seeds
139	Knowsworthy	Garry Fletcher
140	Knowsworthy	Islandview Nursery
141	Knowsworthy	LeCoteau
142	Knowsworthy	Lochside
143	Knowsworthy	Natural Resource Native Plant Nursery
144	Knowsworthy	Plants of Coastal British Columbia
145	Knowsworthy	Russellnursery
146	Knowsworthy	Tree Eater Nursery
147	Knowsworthy	Victoria bamboo
148	Knowsworthy	West Coast Seeds
149	Knowsworthy	saanichnativeplants
150	Dianna and Don	CRD
151	Dianna and Don	Dinters
152	Dianna and Don	DownToEarth
153	Dianna and Don	Ecosense
154	Dianna and Don	Everything Edible
155	Dianna and Don	Fruit Trees and More
156	Dianna and Don	Full Circle Seeds
157	Dianna and Don	Geoff Johnson
158	Dianna and Don	Islandview Nursery
159	Dianna and Don	LeCoteau
160	Dianna and Don	Lochside
161	Dianna and Don	Natural Resource Native Plant Nursery
162	Dianna and Don	Plants of Coastal British Columbia
163	Dianna and Don	Russellnursery
164	Dianna and Don	Tree Eater Nursery
165	Dianna and Don	Victoria bamboo
167	Dianna and Don	saanichnativeplants
168	Dianna and Don	full Circle Seeds
169	Victor and Negar	Everything Edible
170	Victor and Negar	Islandview Nursery
171	Victor and Negar	Geoff Johnson
172	Victor and Negar	DownToEarth
173	Victor and Negar	Ecosense
174	Victor and Negar	Lochside
175	Victor and Negar	saanichnativeplants
176	Victor and Negar	Dinters
177	Victor and Negar	Fruit Trees and More
178	Steffen	DownToEarth
179	Steffen	Ecosense
180	Steffen	Everything Edible
181	Steffen	Fruit Trees and More
182	Steffen	Geoff Johnson
183	Steffen	Islandview Nursery
184	Steffen	Lochside
185	Steffen	Victoria bamboo
186	Steffen	saanichnativeplants
187	Thors on Church Rd.	DownToEarth
188	Thors on Church Rd.	Islandview Nursery
189	Thors on Church Rd.	Plants of Coastal British Columbia
190	Thors on Church Rd.	saanichnativeplants
191	Rockheights	DownToEarth
192	Rockheights	Islandview Nursery
193	Rockheights	Tree Eater Nursery
194	Rockheights	Russellnursery
195	Rockheights	Richters
196	Rockheights	Lochside
197	Rockheights	Ecosense
198	Rockheights	Fruit Trees and More
199	1340 Pandora	Everything Edible
200	1340 Pandora	saanichnativeplants
201	1340 Pandora	Islandview Nursery
202	Korbinian	everything edible
203	Korbinian	Plants of Coastal British Columbia
204	1340 Pandora	DownToEarth
205	1340 Pandora	Ecosense
206	1340 Pandora	Fruit Trees and More
207	1340 Pandora	Full Circle Seeds
208	1340 Pandora	Lochside
209	1340 Pandora	Victoria bamboo
210	786 Saunders lane	CRD
211	Korin	CRD
212	Korin	DownToEarth
213	Korin	Ecosense
214	Korin	Everything Edible
215	Korin	Fruit Trees and More
216	Korin	Full Circle Seeds
217	Korin	Islandview Nursery
218	Korin	saanichnativeplants
219	6411 Sooke Rd.	Bullocks
220	6411 Sooke Rd.	CRD
221	Salish Sea #1	Diane Pierce
222	Salish Sea #1	Dinters
223	Salish Sea #1	Dino's
224	Salish Sea #1	DownToEarth
225	Salish Sea #1	East Saanich on peninsula by the water
226	Salish Sea #1	Ecosense
227	Salish Sea #1	Food plants of BC
228	Salish Sea #1	Fruit Trees and More
229	Salish Sea #1	Full Circle Seeds
230	Salish Sea #1	Garry Fletcher
231	Salish Sea #1	Geoff Johnson
232	Salish Sea #1	HCP PlantID
233	Salish Sea #1	Islandview Nursery
234	Salish Sea #1	LeCoteau
235	Salish Sea #1	Lochside
236	Salish Sea #1	Natural Resource Native Plant Nursery
237	Salish Sea #1	Plants of Coastal British Columbia
238	Salish Sea #1	Richters
239	Salish Sea #1	Russellnursery
240	Salish Sea #1	Sooke harbour house
241	Salish Sea #1	USDA Palable to Human in BC'.B1
242	Salish Sea #1	Victoria bamboo
243	Salish Sea #1	West Coast Seeds
244	Salish Sea #1	West Coast Wild Ones
245	Salish Sea #1	saanichnativeplants
246	Salish Sea #1	www.theurbanfarmer.ca
247	Seairra	CRD
248	Seairra	Butterfly plants for Saanich
249	Seairra	Dinters
250	Seairra	DownToEarth
251	Seairra	Ecosense
252	Seairra	Everything Edible
253	Seairra	Food plants of BC
254	Seairra	Fruit Trees and More
255	Seairra	Full Circle Seeds
256	Seairra	Garry Fletcher
257	Seairra	Islandview Nursery
258	Seairra	LeCoteau
259	Seairra	Lochside
260	Seairra	Natural Resource Native Plant Nursery
261	Seairra	Plants of Coastal British Columbia
262	Seairra	Richters
263	seairra	Everything Edible
264	seairra	Bullocks
265	seairra	DownToEarth
266	seairra	Ecosense
267	seairra	Food plants of BC
268	seairra	Full Circle Seeds
269	seairra	Islandview Nursery
270	seairra	Plants of Coastal British Columbia
271	seairra	Richters
272	seairra	Tree Eater Nursery
273	seairra	full Circle Seeds
274	seairra	full circle seeds
275	seairra	saanichnativeplants
276	seairra	West Coast Seeds
277	Berry Blossom Farm	Everything Edible
278	Berry Blossom Farm	Bullocks
279	Berry Blossom Farm	Butterfly plants for Saanich
280	Berry Blossom Farm	CRD
281	Berry Blossom Farm	Dinters
282	Berry Blossom Farm	DownToEarth
283	Berry Blossom Farm	Ecosense
284	Berry Blossom Farm	Fire Safe
285	Berry Blossom Farm	Food plants of BC
286	Berry Blossom Farm	Fruit Trees and More
287	Berry Blossom Farm	Full Circle Seeds
288	Berry Blossom Farm	Garry Fletcher
289	Berry Blossom Farm	Geoff Johnson
290	Berry Blossom Farm	Islandview Nursery
291	Berry Blossom Farm	LeCoteau
292	Berry Blossom Farm	Lochside
293	Berry Blossom Farm	Natural Resource Native Plant Nursery
294	Berry Blossom Farm	Plants of Coastal British Columbia
295	Berry Blossom Farm	Richters
296	Berry Blossom Farm	Russellnursery
297	Berry Blossom Farm	Springridge Commons
298	Berry Blossom Farm	Tree Eater Nursery
299	Berry Blossom Farm	Victoria bamboo
300	Berry Blossom Farm	West Coast Seeds
301	Berry Blossom Farm	West Coast Wild Ones
302	Berry Blossom Farm	full Circle Seeds
303	Berry Blossom Farm	saanichnativeplants
304	6411 Sooke Rd.	Fairy Creek
305	Everything Edible Landscaping	Bullocks
306	Everything Edible Landscaping	CRD
307	Everything Edible Landscaping	Diane Pierce
308	Everything Edible Landscaping	Dinters
309	Everything Edible Landscaping	DownToEarth
310	Everything Edible Landscaping	Ecosense
311	Everything Edible Landscaping	Everything Edible
312	Everything Edible Landscaping	Food plants of BC
313	Everything Edible Landscaping	Fruit Trees and More
314	Everything Edible Landscaping	Full Circle Seeds
315	Everything Edible Landscaping	Garry Fletcher
316	Everything Edible Landscaping	Garry Fletcher
317	Everything Edible Landscaping	Grahms Neighborhood
318	Everything Edible Landscaping	HCP PlantID
319	Everything Edible Landscaping	Islandview Nursery
320	Everything Edible Landscaping	LeCoteau
321	Everything Edible Landscaping	Linda Gilkeson
322	Everything Edible Landscaping	Lochside
323	Everything Edible Landscaping	Natural Resource Native Plant Nursery
324	Everything Edible Landscaping	Oliver Kellhammer
325	Everything Edible Landscaping	Plants of Coastal British Columbia
326	Everything Edible Landscaping	Purposeful Plants
327	Everything Edible Landscaping	Richters
328	Everything Edible Landscaping	Russellnursery
329	Everything Edible Landscaping	SVIMS
330	Everything Edible Landscaping	Satin Flower Nursery
331	Everything Edible Landscaping	Sooke
332	Larkspur 6941	Everything Edible
333	Larkspur 6941	Plants of Coastal British Columbia
335	Larkspur 6941	Satin Flower Nursery
336	Larkspur 6941	DownToEarth
337	Larkspur 6941	everything edible
338	Larkspur 6941	saanichnativeplants
339	Larkspur 6941	full Circle Seeds
340	Larkspur 6941	full circle seeds
